               epoch,      train/box_loss,      train/obj_loss,      train/cls_loss,   metrics/precision,      metrics/recall,     metrics/mAP_0.5,metrics/mAP_0.5:0.95,        val/box_loss,        val/obj_loss,        val/cls_loss,               x/lr0,               x/lr1,               x/lr2
                   0,            0.098105,            0.039045,            0.052416,          0.00020478,             0.07861,          0.00019309,          4.8694e-05,            0.082617,            0.019602,            0.046968,             0.07038,           0.0032911,           0.0032911
                   1,             0.08497,            0.038432,             0.04974,           0.0058585,            0.084179,           0.0044428,           0.0017534,            0.077887,            0.018736,            0.043916,            0.040314,           0.0065589,           0.0065589
                   2,            0.082295,            0.038151,            0.045748,             0.85064,            0.019157,           0.0082595,           0.0026615,            0.072222,            0.018426,            0.040938,            0.010183,           0.0097606,           0.0097606
                   3,            0.081515,            0.038644,            0.041811,             0.67944,              0.1437,            0.013399,           0.0027454,            0.069863,            0.028168,            0.042735,            0.009703,            0.009703,            0.009703
                   4,            0.080546,            0.038655,            0.038579,             0.87275,            0.051948,            0.034486,            0.010599,            0.071108,            0.018381,            0.034572,            0.009703,            0.009703,            0.009703
                   5,            0.078962,            0.038351,            0.036256,             0.86493,            0.031385,            0.021566,           0.0069631,            0.072635,            0.019356,            0.035426,            0.009604,            0.009604,            0.009604
                   6,            0.077996,            0.039016,            0.034901,             0.86788,            0.040043,            0.032119,           0.0095857,            0.067522,             0.01672,            0.031209,            0.009505,            0.009505,            0.009505
                   7,            0.075426,            0.038722,            0.031652,             0.88567,            0.063853,            0.052376,            0.013969,            0.062971,            0.017489,            0.030084,            0.009406,            0.009406,            0.009406
                   8,            0.073519,            0.039407,            0.028602,             0.70101,            0.052454,            0.016553,            0.004775,            0.069321,            0.018658,            0.038563,            0.009307,            0.009307,            0.009307
                   9,             0.07169,            0.039126,            0.025463,             0.59517,             0.18669,            0.082975,            0.026345,            0.057949,            0.019534,            0.028469,            0.009208,            0.009208,            0.009208
                  10,            0.070402,            0.040168,            0.023241,             0.60535,             0.17977,             0.10312,            0.032336,            0.059665,            0.025141,            0.025253,            0.009109,            0.009109,            0.009109
                  11,            0.068044,            0.039872,            0.019705,             0.62919,             0.18302,             0.12185,            0.040168,            0.056985,            0.023749,             0.01737,             0.00901,             0.00901,             0.00901
                  12,            0.065275,            0.040293,            0.017012,               0.415,             0.10506,            0.070807,            0.025556,            0.063358,            0.030179,            0.050057,            0.008911,            0.008911,            0.008911
                  13,            0.063198,            0.041047,            0.015067,             0.60035,             0.16489,             0.10304,            0.030149,            0.058993,            0.038867,            0.024184,            0.008812,            0.008812,            0.008812
                  14,            0.061852,            0.040917,            0.013011,             0.45101,             0.18859,             0.15095,            0.045932,             0.05659,            0.024129,            0.017458,            0.008713,            0.008713,            0.008713
                  15,            0.060139,            0.040253,            0.011301,             0.49713,             0.32131,             0.18393,            0.054046,            0.052677,            0.019672,             0.01396,            0.008614,            0.008614,            0.008614
                  16,            0.058648,            0.040345,            0.011237,             0.30555,             0.25288,             0.15814,            0.050561,            0.055772,            0.020492,            0.014573,            0.008515,            0.008515,            0.008515
                  17,             0.05804,            0.039808,           0.0093217,             0.43934,             0.39007,             0.27629,            0.091383,            0.050082,            0.018494,           0.0084667,            0.008416,            0.008416,            0.008416
                  18,             0.05663,            0.039812,            0.010016,             0.19401,             0.28482,             0.19149,            0.071297,            0.054422,            0.017305,            0.018156,            0.008317,            0.008317,            0.008317
                  19,            0.055989,            0.038735,           0.0093417,             0.44745,             0.27618,              0.1973,            0.067251,             0.05708,            0.019589,            0.015209,            0.008218,            0.008218,            0.008218
                  20,            0.055033,            0.039621,           0.0084987,             0.28956,             0.39507,              0.3096,             0.10632,            0.049969,            0.017443,           0.0074909,            0.008119,            0.008119,            0.008119
                  21,            0.054672,            0.039718,           0.0076466,             0.45038,             0.39788,             0.33953,             0.11924,            0.047349,            0.018638,           0.0072819,             0.00802,             0.00802,             0.00802
                  22,            0.053625,            0.039381,           0.0077023,             0.49211,             0.31259,              0.3026,             0.11157,            0.051173,            0.017363,             0.01811,            0.007921,            0.007921,            0.007921
                  23,            0.053274,            0.037697,           0.0078686,             0.48906,             0.37381,             0.33902,             0.12204,            0.049403,            0.017436,           0.0063935,            0.007822,            0.007822,            0.007822
                  24,            0.052793,            0.038173,           0.0076174,             0.67844,             0.25984,             0.22226,            0.067272,            0.054156,            0.022327,            0.012217,            0.007723,            0.007723,            0.007723
                  25,            0.051622,            0.038947,           0.0064824,             0.55516,             0.24681,             0.25255,            0.097911,            0.054564,            0.020149,            0.016257,            0.007624,            0.007624,            0.007624
                  26,            0.051273,            0.038005,            0.006308,             0.49733,             0.31438,             0.32386,              0.1156,            0.051373,            0.018111,           0.0076079,            0.007525,            0.007525,            0.007525
                  27,            0.050882,            0.037508,           0.0062531,             0.36634,             0.39057,              0.3408,              0.1145,            0.051089,            0.016303,           0.0093078,            0.007426,            0.007426,            0.007426
                  28,            0.050641,            0.037927,           0.0062428,             0.50174,             0.40268,             0.36568,             0.13008,            0.047471,            0.016884,           0.0063411,            0.007327,            0.007327,            0.007327
                  29,            0.049719,            0.036531,           0.0061407,             0.55505,             0.49265,             0.46339,              0.1722,            0.043941,            0.016116,           0.0036504,            0.007228,            0.007228,            0.007228
                  30,            0.050059,            0.037734,           0.0051587,             0.37825,             0.48464,             0.45884,             0.17571,             0.04363,            0.016305,           0.0032272,            0.007129,            0.007129,            0.007129
                  31,            0.048838,            0.037335,            0.005838,              0.4316,             0.51566,             0.48135,             0.18382,            0.043498,            0.016613,            0.004606,             0.00703,             0.00703,             0.00703
                  32,            0.048899,            0.036411,           0.0058597,             0.38137,             0.40416,             0.34243,             0.12923,             0.04876,            0.015997,           0.0051817,            0.006931,            0.006931,            0.006931
                  33,            0.048591,            0.037503,           0.0049857,             0.55152,             0.51793,             0.50951,             0.19573,            0.040922,            0.015926,           0.0030137,            0.006832,            0.006832,            0.006832
                  34,            0.047817,            0.036568,           0.0045273,             0.35264,             0.50048,             0.45372,             0.18109,            0.042033,             0.01626,            0.002992,            0.006733,            0.006733,            0.006733
                  35,            0.047768,            0.036821,           0.0050759,             0.55429,             0.38315,             0.42162,             0.16533,            0.046921,            0.015747,           0.0090768,            0.006634,            0.006634,            0.006634
                  36,            0.047653,             0.03609,           0.0046505,             0.56663,             0.36935,             0.39097,              0.1478,            0.045195,            0.016017,           0.0041881,            0.006535,            0.006535,            0.006535
                  37,            0.047496,            0.036548,           0.0050068,             0.43319,             0.45432,             0.42148,             0.15997,            0.046325,            0.015421,           0.0046634,            0.006436,            0.006436,            0.006436
                  38,             0.04659,            0.036323,           0.0047535,             0.39095,              0.5052,             0.44894,             0.18111,            0.041555,            0.015854,           0.0039366,            0.006337,            0.006337,            0.006337
                  39,            0.046337,            0.036147,           0.0053513,             0.53307,             0.37652,             0.35902,             0.14094,            0.048353,             0.01572,           0.0067593,            0.006238,            0.006238,            0.006238
                  40,            0.046071,            0.037308,           0.0045657,             0.42016,             0.49008,             0.47406,             0.18411,            0.043978,            0.015002,           0.0041325,            0.006139,            0.006139,            0.006139
                  41,            0.046125,            0.035091,           0.0043215,              0.5742,             0.46585,             0.45566,             0.17494,            0.042427,            0.015231,           0.0032357,             0.00604,             0.00604,             0.00604
                  42,            0.045853,             0.03505,           0.0046544,             0.58521,             0.53939,             0.53578,               0.231,            0.039722,             0.01533,           0.0022961,            0.005941,            0.005941,            0.005941
                  43,            0.045099,            0.034452,           0.0039261,             0.64728,             0.51618,             0.53473,             0.22879,            0.040655,            0.015318,           0.0028585,            0.005842,            0.005842,            0.005842
                  44,            0.045184,            0.035409,           0.0038449,             0.64573,             0.48473,             0.54701,             0.21674,            0.042718,            0.015071,           0.0032245,            0.005743,            0.005743,            0.005743
                  45,            0.045659,            0.035385,           0.0038614,             0.62867,             0.48311,             0.51137,             0.20796,            0.042664,            0.015194,            0.003279,            0.005644,            0.005644,            0.005644
                  46,            0.044622,            0.034853,           0.0035096,             0.65502,             0.55609,             0.59031,             0.25755,            0.039977,            0.015616,           0.0024418,            0.005545,            0.005545,            0.005545
                  47,            0.045232,            0.035256,           0.0036449,              0.6543,             0.55104,             0.58073,             0.25073,            0.038892,            0.014961,           0.0034544,            0.005446,            0.005446,            0.005446
                  48,            0.044735,            0.035674,            0.003244,             0.34227,             0.41734,             0.38334,             0.16081,            0.049094,            0.016359,           0.0062965,            0.005347,            0.005347,            0.005347
                  49,            0.044315,            0.034976,           0.0029914,              0.5002,             0.51523,             0.51472,             0.20799,            0.042671,            0.014843,           0.0030217,            0.005248,            0.005248,            0.005248
                  50,            0.043715,            0.034357,           0.0032831,             0.56774,             0.51885,             0.54795,             0.24569,             0.04052,            0.014704,           0.0046463,            0.005149,            0.005149,            0.005149
                  51,            0.044034,            0.034902,           0.0032267,             0.66319,             0.34922,             0.41544,             0.16302,            0.048255,            0.015364,           0.0086579,             0.00505,             0.00505,             0.00505
                  52,            0.044319,            0.035537,           0.0033967,             0.62848,             0.45611,             0.48539,             0.19915,            0.042081,            0.014727,           0.0045768,            0.004951,            0.004951,            0.004951
                  53,            0.044004,            0.035253,            0.003553,             0.55418,             0.57693,             0.57358,             0.23972,            0.039584,            0.014808,           0.0034186,            0.004852,            0.004852,            0.004852
                  54,            0.043274,            0.035889,           0.0034556,             0.51318,             0.57118,             0.58354,             0.25421,            0.039535,            0.014874,           0.0027655,            0.004753,            0.004753,            0.004753
                  55,            0.043366,            0.035832,           0.0032891,             0.65351,             0.53655,             0.58404,             0.25445,            0.038813,            0.015118,           0.0030026,            0.004654,            0.004654,            0.004654
                  56,            0.042823,            0.034655,           0.0032133,             0.65957,             0.56655,             0.59899,             0.26044,            0.038771,            0.014629,            0.003671,            0.004555,            0.004555,            0.004555
                  57,            0.043968,            0.033952,           0.0030751,              0.5661,             0.59586,              0.5946,             0.25544,            0.040009,            0.014494,           0.0039985,            0.004456,            0.004456,            0.004456
                  58,             0.04214,            0.035524,           0.0031163,             0.67031,              0.5561,             0.60777,             0.27605,             0.03832,              0.0145,           0.0035134,            0.004357,            0.004357,            0.004357
                  59,            0.042306,            0.034786,           0.0031343,             0.66022,             0.57263,             0.61721,             0.27513,            0.038256,            0.014671,           0.0028213,            0.004258,            0.004258,            0.004258
                  60,            0.042441,            0.034463,           0.0032345,             0.54581,             0.59983,             0.59953,             0.26517,              0.0394,             0.01512,           0.0046879,            0.004159,            0.004159,            0.004159
                  61,            0.042296,            0.034684,            0.003279,             0.60792,             0.61558,             0.59662,             0.26622,            0.037463,             0.01462,            0.003616,             0.00406,             0.00406,             0.00406
                  62,            0.042265,            0.033676,           0.0027575,             0.55978,             0.60658,             0.60407,             0.26942,            0.038156,            0.014534,           0.0035412,            0.003961,            0.003961,            0.003961
                  63,            0.041661,             0.03449,           0.0028388,             0.67156,             0.58874,              0.6224,             0.27876,             0.03904,            0.014592,           0.0025944,            0.003862,            0.003862,            0.003862
                  64,            0.042689,            0.035132,           0.0029865,             0.68942,             0.56341,             0.62542,             0.28483,            0.037873,            0.014401,           0.0031272,            0.003763,            0.003763,            0.003763
                  65,            0.042745,            0.034139,           0.0032153,             0.60615,             0.60534,              0.6183,             0.28069,            0.037456,            0.014309,           0.0024096,            0.003664,            0.003664,            0.003664
                  66,            0.041604,            0.034517,           0.0028965,             0.61665,             0.59521,             0.63459,             0.28985,            0.037976,            0.014138,           0.0026357,            0.003565,            0.003565,            0.003565
                  67,            0.041245,            0.034172,           0.0033891,             0.60152,             0.59561,             0.63012,             0.28855,             0.03791,            0.014703,           0.0023534,            0.003466,            0.003466,            0.003466
                  68,            0.041741,            0.034872,           0.0029009,             0.56383,             0.58835,              0.6072,             0.26835,            0.039622,            0.014674,           0.0040331,            0.003367,            0.003367,            0.003367
                  69,            0.041991,            0.034979,           0.0030038,             0.55301,             0.63071,             0.64863,             0.28875,            0.038331,            0.014395,           0.0028575,            0.003268,            0.003268,            0.003268
                  70,            0.041305,            0.035089,           0.0025716,             0.49423,             0.49451,              0.5133,             0.20848,            0.042787,            0.014693,           0.0054598,            0.003169,            0.003169,            0.003169
                  71,            0.040956,            0.034786,           0.0024568,              0.5921,             0.44471,             0.47897,             0.21636,            0.040136,            0.014426,            0.004057,             0.00307,             0.00307,             0.00307
                  72,            0.040299,            0.033308,           0.0028456,             0.59804,             0.59031,             0.61262,             0.28495,            0.037461,            0.014658,           0.0044744,            0.002971,            0.002971,            0.002971
                  73,            0.040871,            0.033323,           0.0026702,             0.65021,             0.59227,             0.65297,             0.30814,            0.037032,            0.014139,           0.0028861,            0.002872,            0.002872,            0.002872
                  74,            0.040647,            0.033869,           0.0024418,             0.67334,             0.60364,              0.6353,             0.30208,            0.036663,            0.014353,           0.0029721,            0.002773,            0.002773,            0.002773
                  75,            0.040738,            0.034907,           0.0027988,             0.72323,             0.59396,             0.65835,             0.30224,            0.036206,            0.014278,           0.0030673,            0.002674,            0.002674,            0.002674
                  76,            0.040943,             0.03402,           0.0035321,             0.64578,             0.61766,             0.65302,             0.31063,            0.036755,             0.01443,           0.0042115,            0.002575,            0.002575,            0.002575
                  77,            0.039643,             0.03438,           0.0026778,             0.64563,              0.6076,             0.64469,              0.3024,            0.035925,            0.014074,           0.0032657,            0.002476,            0.002476,            0.002476
                  78,            0.039883,              0.0332,           0.0021401,              0.6678,             0.61885,              0.6546,             0.30777,            0.035838,            0.013937,           0.0034181,            0.002377,            0.002377,            0.002377
                  79,             0.03987,            0.034042,           0.0021848,             0.57888,             0.63813,             0.64951,             0.29733,            0.036013,            0.014263,           0.0022566,            0.002278,            0.002278,            0.002278
                  80,             0.03962,            0.033661,           0.0020591,             0.59614,             0.62925,             0.63494,              0.3061,            0.035471,            0.014259,           0.0029757,            0.002179,            0.002179,            0.002179
                  81,             0.03957,             0.03495,            0.002002,             0.62061,             0.61878,              0.6479,             0.31267,            0.035375,            0.014313,           0.0018848,             0.00208,             0.00208,             0.00208
                  82,            0.039621,            0.033838,           0.0022049,             0.62043,              0.6357,             0.64358,              0.3139,            0.036304,            0.014345,           0.0036453,            0.001981,            0.001981,            0.001981
                  83,            0.039414,            0.033485,           0.0023764,             0.63013,             0.61063,             0.64553,             0.30874,            0.036204,            0.013866,           0.0022697,            0.001882,            0.001882,            0.001882
                  84,            0.039962,            0.034244,           0.0024912,              0.6413,             0.63989,             0.65325,             0.30838,            0.035497,             0.01401,           0.0022779,            0.001783,            0.001783,            0.001783
                  85,             0.03986,             0.03302,              0.0023,              0.6368,             0.61436,             0.65598,             0.30623,            0.036073,            0.014223,           0.0023904,            0.001684,            0.001684,            0.001684
                  86,            0.038869,            0.032696,           0.0019957,             0.66965,             0.61375,              0.6505,             0.30853,            0.035636,            0.014243,           0.0036759,            0.001585,            0.001585,            0.001585
                  87,            0.039237,            0.034157,           0.0021505,             0.64879,             0.63598,             0.66784,             0.32407,            0.034774,            0.014227,           0.0021635,            0.001486,            0.001486,            0.001486
                  88,            0.038889,            0.033329,            0.001975,             0.60985,             0.63505,             0.66323,             0.32551,            0.034964,            0.013914,           0.0025865,            0.001387,            0.001387,            0.001387
                  89,            0.038863,            0.033539,           0.0021653,             0.73018,             0.60348,              0.6723,             0.32569,            0.034766,            0.014094,           0.0028847,            0.001288,            0.001288,            0.001288
                  90,            0.038674,            0.033442,           0.0017588,             0.60767,             0.63734,             0.65384,             0.31718,            0.035171,            0.014041,           0.0025512,            0.001189,            0.001189,            0.001189
                  91,            0.038876,            0.033074,           0.0022978,             0.64435,             0.59977,             0.65917,             0.31748,             0.03456,            0.013909,           0.0033319,             0.00109,             0.00109,             0.00109
                  92,             0.03816,            0.033365,           0.0018173,             0.62842,             0.61906,             0.66363,             0.31912,            0.034723,            0.014025,           0.0033523,            0.000991,            0.000991,            0.000991
                  93,            0.039404,            0.033532,           0.0023047,             0.60196,             0.64712,             0.65256,             0.30861,            0.034751,            0.013939,           0.0023977,            0.000892,            0.000892,            0.000892
                  94,            0.038734,            0.032294,           0.0021792,             0.61157,             0.64773,             0.67302,             0.31757,             0.03575,            0.014039,           0.0016866,            0.000793,            0.000793,            0.000793
                  95,            0.038704,            0.032803,           0.0026779,             0.61656,             0.63035,             0.66176,             0.32176,            0.034428,            0.014017,           0.0020796,            0.000694,            0.000694,            0.000694
                  96,            0.038654,            0.033456,           0.0018316,             0.62555,             0.64102,              0.6742,             0.32355,            0.034892,            0.013831,           0.0022679,            0.000595,            0.000595,            0.000595
                  97,            0.038108,            0.032162,           0.0026576,             0.62107,              0.6404,             0.66188,             0.31976,            0.034613,            0.013919,           0.0021209,            0.000496,            0.000496,            0.000496
                  98,            0.038425,            0.033488,           0.0020444,             0.62627,             0.63709,             0.67011,             0.32655,            0.034514,            0.013864,           0.0020049,            0.000397,            0.000397,            0.000397
                  99,             0.03797,            0.033203,           0.0021511,             0.61357,             0.64926,             0.67303,             0.32997,            0.034445,            0.013925,           0.0023394,            0.000298,            0.000298,            0.000298
